ID, Last name, First name, Age
7693,Lane,Jon,27
1758,Morgan,Joel,40
4350,Fisher,Dora,25
5031,Robinson,Antonio,53
0381,Diaz,Chester,28
6078,Houston,Micheal,48
8740,Johnston,Hattie,26
3826,Bradley,Charles,48
9402,Lynch,Eugene,39
8473,Dixon,Sean,37
8839,Wilkerson,Luis,55
2351,Reese,Polly,18
5300,Luna,Rose,47
8801,Reeves,Zachary,37
0678,Brewer,Winnie,51
6606,Malone,Ronald,26
9215,Holloway,Lelia,49
0116,Sims,Etta,62
1040,Rivera,Ophelia,44
6206,Perry,Carrie,59
8820,Porter,Lou,58
0421,Garner,Martha,45
7104,Luna,Don,60
1522,Richards,Luke,39
2548,Patterson,Edwin,53
4117,Garza,Hettie,26
2373,Hines,Alejandro,41
2643,Ramirez,Willie,51
0467,Peters,Esther,18
6396,Ford,Raymond,32
7035,Flowers,Belle,59
9164,Jefferson,Estella,57
3684,Bryan,Elva,18
3399,Reed,Jerome,18
9835,Lambert,Jayden,43
0833,Summers,Charlie,48
5466,Edwards,Virgie,50
9024,George,Tommy,52
2804,Beck,Maurice,27
2242,Floyd,Rosetta,61
9767,Miles,Glen,30
4620,Chambers,Celia,37
1241,Webster,Alice,48
9582,Briggs,Seth,28
2450,Hoffman,Lizzie,44
7690,Mills,Leo,26
7550,Green,Irene,43
8077,McCoy,Janie,52
8997,Castillo,Stanley,47
2404,Ellis,Lola,49
8088,Harris,Emma,40
2216,Castillo,Calvin,37
5140,Cole,Brian,58
7575,Schneider,Carrie,54
6519,Kelly,Alex,55
2217,Johnston,Isaac,64
6915,Cortez,Lela,59
9827,Hawkins,Georgia,34
7875,Joseph,Jane,61
2320,Harrington,Alan,34
2665,Gibson,Mina,50
0972,Austin,Paul,65
8914,Roberts,Wesley,25
0394,Barker,Elizabeth,59
3119,Flowers,Logan,47
5688,Kelley,Randall,53
4380,Warner,Donald,21
2628,Byrd,Vincent,58
0315,Rodgers,Winnie,51
3205,Murphy,Carl,58
1294,Clark,Harold,44
6955,Ortiz,Matthew,23
2556,Stewart,Alta,30
8922,Burgess,Jonathan,64
9407,Sullivan,Chester,52
7364,Flores,Jackson,47
9279,McKinney,Bettie,35
4985,Hines,Raymond,56
9957,Christensen,Nellie,55
5780,McCarthy,Dennis,34
5809,Huff,Martin,58
1248,Becker,Linnie,46
1509,Stephens,Ian,43
1255,Carr,Myra,63
0860,Carroll,Jeff,50
4767,Joseph,Lilly,49
8841,Carpenter,Dean,63
7034,Caldwell,Alexander,50
9173,Nguyen,Henrietta,18
9990,Wade,Phillip,31
4292,Gardner,Manuel,22
4851,Lynch,Seth,25
6012,Nash,Lula,63
7061,Howell,Olivia,41
1860,Wheeler,Raymond,53
9082,Horton,Mathilda,53
3396,Strickland,Hulda,51
4922,Ray,Marvin,30
7799,Fleming,Ada,41
3515,Bradley,Louisa,22
4811,Lamb,Allie,50
0876,Carson,Madge,60
9503,McCormick,Cody,38
7822,Duncan,Jeremy,20
