seq, email
1,buureri@nu.km
2,vovnul@tiratijug.st
3,sac@wucu.dj
4,rojobawu@nabkipdo.zw
5,re@cuc.dj
6,kiminad@mu.cg
7,latdapgal@atohiceg.pg
8,eskup@sos.cl
9,wov@covimof.vc
10,kaz@wotiedo.cr
11,uzi@imfihdiv.pm
12,cud@hu.kr
13,tecup@nawifvi.mg
14,kur@ota.bw
15,ha@veki.cm
16,la@basocdek.ws
17,lehwoora@lodouz.fj
18,akuvujriz@ra.am
19,liwic@tutaj.im
20,op@benafa.hm
21,lonha@ojadeh.fo
22,giv@enu.ao
23,zasep@zu.ec
24,ja@kowuv.mg
25,galiw@pafoj.ml
26,ocal@buzuha.ir
27,jizohi@fo.me
28,bog@gupocvem.de
29,so@uca.aq
30,dovwojeg@pozhalte.ru
31,jukeivo@foco.cu
32,zorufoipo@japako.mh
33,etju@umocecri.lt
34,uf@te.li
35,vipotevu@tu.ao
36,nigbego@neig.co.uk
37,jashi@kibo.pf
38,kat@iler.cf
39,onu@dikjihpon.bd
40,decsucog@zop.eu
41,vuajoep@pu.bg
42,fi@mopsitof.cd
43,de@du.na
44,kudacajag@ziwki.bi
45,sabu@taldo.si
46,azoza@tume.pf
47,fac@li.cx
48,jipgovap@olvabbu.io
49,nuci@ge.co.uk
50,noazogav@icu.ca
51,cawafo@luvo.mo
52,ged@aworogvi.gn
53,hocet@ozo.ad
54,teuzkez@ivifo.hn
55,nipcopek@vedeboen.rw
56,tohjug@mu.be
57,mug@notwevef.gw
58,loak@hu.be
59,lo@hodrom.yt
60,efwi@usrid.rw
61,errevos@onhow.nl
62,pisogos@mibnidip.hr
63,tarneici@nogocwak.gn
64,lovjuwras@sirfurak.is
65,vuafinuk@vumipup.pw
66,gepuzge@tu.im
67,efo@cid.br
68,geduz@sewma.tk
69,nejotla@nozzu.ca
70,ziptu@fuoku.zm
71,icunaraf@tal.cl
72,fe@gubuco.org
73,wibvo@bivjidi.kh
74,sovhe@ucusis.do
75,reicmut@paoce.ie
76,dura@finjezpin.az
77,dapovpus@lologjog.vg
78,ufehamnut@ugeic.cu
79,bidese@sospocmop.cw
80,uc@pe.gy
81,roj@lihi.bt
82,beg@nu.st
83,cu@asinoti.an
84,bidumuvoj@rulgob.ee
85,elo@ipofosmo.az
86,ze@kuupka.ma
87,cik@ese.km
88,tacot@nug.np
89,zim@kefe.sl
90,zas@viwgipi.wf
91,vip@kecatizej.br
92,kippikiw@owtud.nz
93,evopilzu@lodakwas.fm
94,ri@omfiru.ie
95,iwudivca@ca.hr
96,cuuva@ive.gg
97,uti@sel.gn
98,ofazu@citib.ca
99,cud@zergeb.cn
100,ifa@sovdo.dj
